{"cameraMode":{"drawMode":0,"name":"Shaded","section":"Shading Mode"},"sceneLighting":false,"audioPlay":false,"sceneViewState":{"m_AlwaysRefresh":false,"showFog":true,"showSkybox":false,"showFlares":true,"showImageEffects":true,"showParticleSystems":true,"showVisualEffectGraphs":true,"m_FxEnabled":true},"in2DMode":false,"pivot":{"x":14.994000434875489,"y":0.5720000267028809,"z":3.4630000591278078},"rotation":{"x":-0.08587409555912018,"y":0.8993824124336243,"z":-0.2052989900112152,"w":-0.3763427138328552},"size":0.9019977450370789,"orthographic":false}