{"cameraMode":{"drawMode":0,"name":"Shaded","section":"Shading Mode"},"sceneLighting":true,"audioPlay":false,"sceneViewState":{"m_AlwaysRefresh":false,"showFog":true,"showSkybox":true,"showFlares":true,"showImageEffects":true,"showParticleSystems":true,"showVisualEffectGraphs":true,"m_FxEnabled":true},"in2DMode":false,"pivot":{"x":-244.5117645263672,"y":292.97686767578127,"z":319.7815856933594},"rotation":{"x":0.035458043217659,"y":0.9160614609718323,"z":-0.39076876640319826,"w":0.08323345333337784},"size":0.061308156698942187,"orthographic":false}