{"cameraMode":{"drawMode":0,"name":"Shaded","section":"Shading Mode"},"sceneLighting":false,"audioPlay":false,"sceneViewState":{"m_AlwaysRefresh":false,"showFog":true,"showSkybox":false,"showFlares":true,"showImageEffects":true,"showParticleSystems":true,"showVisualEffectGraphs":true,"m_FxEnabled":true},"in2DMode":false,"pivot":{"x":20.228748321533204,"y":0.10145342350006104,"z":-20.944639205932618},"rotation":{"x":0.028712449595332147,"y":0.07698028534650803,"z":-0.002199340844526887,"w":0.9966269135475159},"size":0.008203071542084217,"orthographic":false}