{"cameraMode":{"drawMode":0,"name":"Shaded","section":"Shading Mode"},"sceneLighting":false,"audioPlay":false,"sceneViewState":{"m_AlwaysRefresh":false,"showFog":true,"showSkybox":false,"showFlares":true,"showImageEffects":true,"showParticleSystems":true,"showVisualEffectGraphs":true,"m_FxEnabled":true},"in2DMode":false,"pivot":{"x":17.343000411987306,"y":1.2730000019073487,"z":-21.30900001525879},"rotation":{"x":0.09686242789030075,"y":-0.7132886052131653,"z":-0.10058732330799103,"w":-0.6868278980255127},"size":0.049413423985242847,"orthographic":false}