{"cameraMode":{"drawMode":0,"name":"Shaded","section":"Shading Mode"},"sceneLighting":false,"audioPlay":false,"sceneViewState":{"m_AlwaysRefresh":false,"showFog":true,"showSkybox":false,"showFlares":true,"showImageEffects":true,"showParticleSystems":true,"showVisualEffectGraphs":true,"m_FxEnabled":true},"in2DMode":false,"pivot":{"x":0.025449395179748536,"y":0.020080924034118654,"z":2.862093448638916},"rotation":{"x":-0.2585388422012329,"y":-0.7390860915184021,"z":0.40380677580833437,"w":-0.4731711447238922},"size":2.0753815174102785,"orthographic":false}